sku,title,collection,price_inr,status
TN-KIT-001,USB Rechargeable Electric Mini Chopper,Kitchen & Organisers,799,DRAFT
TN-KIT-002,Airtight Storage Container Set (6 Pcs),Kitchen & Organisers,699,DRAFT
TN-DEC-001,LED Sunset Projector Lamp,Home Decor,599,DRAFT
TN-DEC-002,"Fairy String Lights (10 m, Warm White)",Home Decor,349,DRAFT
TN-PHC-001,Magnetic Car Phone Mount,Phone & Car Accessories,449,DRAFT
TN-PHC-002,20W USB-C Fast Charger,Phone & Car Accessories,699,DRAFT
TN-WEL-001,Portable Mini Massage Gun,Wellness & Personal Care,1499,DRAFT
TN-WEL-002,Rechargeable Neck Massager,Wellness & Personal Care,1299,DRAFT
TN-MIN-001,Rechargeable Handheld Mini Fan,Mini Gadgets,499,DRAFT
TN-MIN-002,Foldable Adjustable Phone Stand,Mini Gadgets,249,DRAFT
